ISO_WEEK,HOST,PATH,CONTEXT,EVENT_COUNT
2026-02-02 00:00:00.000000000,app.soundstripe.com,pricing,Enterprise Contact form,115
2026-02-02 00:00:00.000000000,www.soundstripe.com,pricing,Enterprise Contact form,23
2026-02-02 00:00:00.000000000,app.soundstripe.com,"",Enterprise Contact form,5
2026-02-09 00:00:00.000000000,app.soundstripe.com,pricing,Enterprise Contact form,155
2026-02-09 00:00:00.000000000,app.soundstripe.com,"",Enterprise Contact form,11
2026-02-09 00:00:00.000000000,app.soundstripe.com,join,Enterprise Contact form,10
2026-02-09 00:00:00.000000000,app.soundstripe.com,sound-effects/45766,Enterprise Contact form,4
2026-02-16 00:00:00.000000000,app.soundstripe.com,pricing,Enterprise Contact form,137
2026-02-23 00:00:00.000000000,app.soundstripe.com,pricing,Enterprise Contact form,153
2026-02-23 00:00:00.000000000,www.soundstripe.com,music-licensing-for-enterprise,Enterprise Contact Form,60
2026-03-02 00:00:00.000000000,www.soundstripe.com,music-licensing-for-enterprise,Enterprise Contact Form,115
2026-03-09 00:00:00.000000000,www.soundstripe.com,music-licensing-for-enterprise,Enterprise Contact Form,173
2026-03-09 00:00:00.000000000,app.soundstripe.com,business-pricing,Enterprise Contact form,5
2026-03-16 00:00:00.000000000,www.soundstripe.com,music-licensing-for-enterprise,Enterprise Contact Form,60
2026-03-23 00:00:00.000000000,www.soundstripe.com,music-licensing-for-enterprise,Enterprise Contact Form,51
2026-03-30 00:00:00.000000000,www.soundstripe.com,music-licensing-for-enterprise,Enterprise Contact Form,74
