SESSION_DATE,BROWSER,SESSIONS,VISITORS
2026-03-01,Chrome,4787,4688
2026-03-01,,345,344
2026-03-01,Mobile Safari,236,208
2026-03-01,Safari,156,136
2026-03-01,Firefox,117,109
2026-03-01,Chrome Mobile,117,115
2026-03-01,Microsoft Edge,91,85
2026-03-01,Mozilla,46,46
2026-03-01,Naver,33,33
2026-03-01,Chrome Webview,31,31
2026-03-01,Facebook,28,28
2026-03-01,WeChat,27,27
2026-03-01,Opera,25,24
2026-03-01,Chrome iOS,21,19
2026-03-01,Microsoft Start,20,20
2026-03-01,OkHttp,17,14
2026-03-01,Daum,14,14
2026-03-01,UC Browser,9,5
2026-03-01,QQ Browser,9,9
2026-03-01,Firefox Mobile,6,4
2026-03-01,Yandex Browser,6,6
2026-03-01,Huawei Browser Mobile,5,5
2026-03-01,Sogou Explorer,5,5
2026-03-01,Samsung Internet,5,4
2026-03-01,Chrome Mobile iOS,3,3
2026-03-01,Headless Chrome,3,3
2026-03-01,OBS Studio,3,3
2026-03-01,Opera Mobile,3,3
2026-03-01,Avast Secure Browser,3,3
2026-03-01,vivo Browser,3,3
2026-03-01,Quark,2,2
2026-03-01,Baidu Box App,1,1
2026-03-01,Firefox iOS,1,1
2026-03-01,Norton Private Browser,1,1
2026-03-01,AVG Secure Browser,1,1
2026-03-01,LinkedIn,1,1
2026-03-01,Google Search App,1,1
2026-03-01,Samsung Browser,1,1
2026-03-01,MIUI Browser,1,1
2026-03-01,Smart Lenovo Browser,1,1
2026-03-01,aweme,1,1
2026-03-02,Chrome,6390,6135
2026-03-02,,472,463
2026-03-02,Safari,284,246
2026-03-02,Mobile Safari,258,223
2026-03-02,Microsoft Edge,179,160
2026-03-02,Firefox,177,157
2026-03-02,Chrome Mobile,96,94
2026-03-02,Mozilla,44,44
2026-03-02,Chrome Webview,34,34
2026-03-02,Chrome iOS,32,29
2026-03-02,Opera,30,25
2026-03-02,WeChat,21,21
2026-03-02,OkHttp,17,15
2026-03-02,Naver,16,16
2026-03-02,Facebook,13,13
2026-03-02,Microsoft Start,13,13
2026-03-02,Quark,12,12
2026-03-02,Headless Chrome,10,10
2026-03-02,Chrome Mobile iOS,9,9
2026-03-02,Daum,9,9
2026-03-02,Samsung Internet,8,8
2026-03-02,QQ Browser,7,5
2026-03-02,UC Browser,7,4
2026-03-02,Firefox Mobile,7,7
2026-03-02,Huawei Browser Mobile,5,5
2026-03-02,Sogou Explorer,4,4
2026-03-02,vivo Browser,4,4
2026-03-02,Google Search App,4,4
2026-03-02,LinkedIn,3,3
2026-03-02,Android Mobile,3,3
2026-03-02,NewsArticle App,3,3
2026-03-02,Opera Mobile,2,2
2026-03-02,curl,2,2
2026-03-02,Brave,2,2
2026-03-02,Avast Secure Browser,2,2
2026-03-02,OBS Studio,2,2
2026-03-02,AVG Secure Browser,2,2
2026-03-02,Aloha Browser,1,1
2026-03-02,Maxthon,1,1
2026-03-02,Facebook Mobile,1,1
2026-03-02,CCleaner,1,1
2026-03-02,Firefox iOS,1,1
2026-03-02,QtWebEngine,1,1
2026-03-02,Baidu Box App,1,1
2026-03-03,Chrome,6284,6025
2026-03-03,,476,466
2026-03-03,Safari,276,235
2026-03-03,Mobile Safari,256,223
2026-03-03,Microsoft Edge,174,149
2026-03-03,Firefox,163,144
2026-03-03,Chrome Mobile,136,129
2026-03-03,Mozilla,73,73
2026-03-03,Chrome iOS,37,32
2026-03-03,Chrome Webview,36,36
2026-03-03,WeChat,35,35
2026-03-03,Opera,35,32
2026-03-03,Daum,34,34
2026-03-03,Naver,26,26
2026-03-03,Microsoft Start,25,25
2026-03-03,Facebook,21,21
2026-03-03,OkHttp,17,13
2026-03-03,UC Browser,14,12
2026-03-03,Firefox Mobile,9,8
2026-03-03,Chrome Mobile iOS,8,8
2026-03-03,Headless Chrome,8,8
2026-03-03,Yandex Browser,5,4
2026-03-03,Samsung Internet,4,4
2026-03-03,Sogou Explorer,4,4
2026-03-03,QQ Browser,3,3
2026-03-03,Opera Mobile,3,3
2026-03-03,Firefox iOS,3,3
2026-03-03,Samsung Browser,3,3
2026-03-03,Quark,2,2
2026-03-03,Smart Lenovo Browser,2,2
2026-03-03,Huawei Browser Mobile,2,2
2026-03-03,Google Search App,2,2
2026-03-03,Norton Private Browser,2,2
2026-03-03,NewsArticle App,1,1
2026-03-03,Brave,1,1
2026-03-03,Aloha Browser,1,1
2026-03-03,Zalo,1,1
2026-03-03,Avast Secure Browser,1,1
2026-03-03,Pinterest,1,1
2026-03-03,HeyTapBrowser,1,1
2026-03-03,OBS Studio,1,1
2026-03-03,LinkedIn,1,1
2026-03-03,MIUI Browser,1,1
2026-03-03,vivo Browser,1,1
2026-03-03,curl,1,1
2026-03-03,Android Mobile,1,1
2026-03-03,Facebook Mobile,1,1
2026-03-04,Chrome,5826,5549
2026-03-04,,344,337
2026-03-04,Mobile Safari,277,257
2026-03-04,Safari,263,226
2026-03-04,Firefox,175,160
2026-03-04,Microsoft Edge,173,158
2026-03-04,Chrome Mobile,91,87
2026-03-04,Mozilla,63,63
2026-03-04,Opera,35,26
2026-03-04,Chrome iOS,31,24
2026-03-04,WeChat,25,24
2026-03-04,Chrome Webview,24,24
2026-03-04,Facebook,19,19
2026-03-04,Naver,19,19
2026-03-04,OkHttp,18,17
2026-03-04,Microsoft Start,14,14
2026-03-04,Daum,10,10
2026-03-04,Chrome Mobile iOS,9,9
2026-03-04,Firefox Mobile,7,6
2026-03-04,Headless Chrome,7,7
2026-03-04,Yandex Browser,5,5
2026-03-04,NewsArticle App,4,4
2026-03-04,Sogou Explorer,4,4
2026-03-04,UC Browser,4,4
2026-03-04,Samsung Internet,3,3
2026-03-04,aweme,3,3
2026-03-04,OBS Studio,2,2
2026-03-04,Opera Mobile,2,2
2026-03-04,MIUI Browser,2,2
2026-03-04,LinkedIn,2,2
2026-03-04,curl,2,2
2026-03-04,Google Search App,1,1
2026-03-04,Whale Browser,1,1
2026-03-04,Android Mobile,1,1
2026-03-04,Samsung Browser,1,1
2026-03-04,Instagram,1,1
2026-03-04,Quark,1,1
2026-03-04,Smart Lenovo Browser,1,1
2026-03-04,QQ Browser,1,1
2026-03-04,Firefox iOS,1,1
2026-03-04,Facebook Mobile,1,1
2026-03-04,Huawei Browser Mobile,1,1
2026-03-05,Chrome,14744,14474
2026-03-05,,469,461
2026-03-05,Safari,280,244
2026-03-05,Mobile Safari,231,220
2026-03-05,Microsoft Edge,173,152
2026-03-05,Firefox,150,139
2026-03-05,Chrome Mobile,107,101
2026-03-05,Chrome iOS,67,59
2026-03-05,Opera,34,29
2026-03-05,Mozilla,31,31
2026-03-05,Chrome Webview,25,24
2026-03-05,OkHttp,14,11
2026-03-05,UC Browser,11,10
2026-03-05,Samsung Internet,10,10
2026-03-05,Yandex Browser,10,9
2026-03-05,Facebook,8,8
2026-03-05,WeChat,6,6
2026-03-05,NewsArticle App,6,6
2026-03-05,Sogou Explorer,5,5
2026-03-05,LinkedIn,4,4
2026-03-05,Chrome Mobile iOS,3,3
2026-03-05,Huawei Browser Mobile,3,3
2026-03-05,QQ Browser,3,3
2026-03-05,Daum,3,3
2026-03-05,Headless Chrome,3,3
2026-03-05,Microsoft Start,2,2
2026-03-05,Google Search App,2,2
2026-03-05,Firefox iOS,2,1
2026-03-05,Whale Browser,2,1
2026-03-05,Android Mobile,1,1
2026-03-05,Samsung Browser,1,1
2026-03-05,Brave,1,1
2026-03-05,HeyTapBrowser,1,1
2026-03-05,Firefox Mobile,1,1
2026-03-05,vivo Browser,1,1
2026-03-05,JioSphere,1,1
2026-03-05,Facebook Mobile,1,1
2026-03-05,Naver,1,1
2026-03-06,Chrome,9750,9503
2026-03-06,,317,309
2026-03-06,Mobile Safari,286,260
2026-03-06,Safari,256,219
2026-03-06,Microsoft Edge,158,144
2026-03-06,Firefox,157,140
2026-03-06,Chrome Mobile,138,123
2026-03-06,Chrome iOS,63,59
2026-03-06,Opera,43,37
2026-03-06,Mozilla,37,37
2026-03-06,Chrome Webview,31,30
2026-03-06,OkHttp,20,18
2026-03-06,WeChat,12,12
2026-03-06,Naver,9,9
2026-03-06,Headless Chrome,9,9
2026-03-06,QQ Browser,7,7
2026-03-06,Chrome Mobile iOS,7,7
2026-03-06,Firefox Mobile,7,7
2026-03-06,Yandex Browser,6,6
2026-03-06,Sogou Explorer,6,4
2026-03-06,Facebook,6,5
2026-03-06,Microsoft Start,5,5
2026-03-06,Quark,5,5
2026-03-06,Daum,5,5
2026-03-06,aweme,3,3
2026-03-06,Samsung Internet,3,3
2026-03-06,NewsArticle App,3,3
2026-03-06,Brave,3,3
2026-03-06,Norton Private Browser,2,2
2026-03-06,Google Search App,2,2
2026-03-06,CCleaner,2,2
2026-03-06,MIUI Browser,2,2
2026-03-06,Huawei Browser Mobile,2,1
2026-03-06,Whale Browser,2,2
2026-03-06,Android Mobile,2,2
2026-03-06,UC Browser,1,1
2026-03-06,Facebook Mobile,1,1
2026-03-06,Smart Lenovo Browser,1,1
2026-03-06,Opera GX,1,1
2026-03-06,LinkedIn,1,1
2026-03-06,Samsung Browser,1,1
2026-03-06,HeyTapBrowser,1,1
2026-03-07,Chrome,5482,5371
2026-03-07,,396,388
2026-03-07,Mobile Safari,224,203
2026-03-07,Safari,152,145
2026-03-07,Chrome Mobile,120,117
2026-03-07,Microsoft Edge,110,104
2026-03-07,Firefox,105,99
2026-03-07,Mozilla,42,42
2026-03-07,Chrome iOS,30,25
2026-03-07,Chrome Webview,26,25
2026-03-07,OkHttp,22,18
2026-03-07,Opera,18,17
2026-03-07,Facebook,14,14
2026-03-07,WeChat,14,14
2026-03-07,Daum,13,13
2026-03-07,Samsung Internet,11,10
2026-03-07,Naver,8,8
2026-03-07,Firefox Mobile,6,5
2026-03-07,Sogou Explorer,6,6
2026-03-07,Line,6,5
2026-03-07,Chrome Mobile iOS,4,4
2026-03-07,Huawei Browser Mobile,4,4
2026-03-07,Microsoft Start,4,4
2026-03-07,Headless Chrome,3,3
2026-03-07,HeyTapBrowser,3,3
2026-03-07,QQ Browser,3,3
2026-03-07,UC Browser,3,3
2026-03-07,NewsArticle App,3,3
2026-03-07,Facebook Mobile,2,2
2026-03-07,Norton Private Browser,2,2
2026-03-07,Avast Secure Browser,2,2
2026-03-07,Android Mobile,2,2
2026-03-07,Samsung Browser,2,2
2026-03-07,OBS Studio,2,2
2026-03-07,Yandex Browser,1,1
2026-03-07,Whale Browser,1,1
2026-03-07,Opera Mobile,1,1
2026-03-07,SearchCraft,1,1
2026-03-07,LinkedIn,1,1
2026-03-07,Baidu Box App,1,1
2026-03-07,Aloha Browser,1,1
2026-03-07,JioSphere,1,1
2026-03-07,Google Search App,1,1
2026-03-07,vivo Browser,1,1
2026-03-08,Chrome,7438,7325
2026-03-08,,415,411
2026-03-08,Mobile Safari,222,208
2026-03-08,Safari,171,162
2026-03-08,Firefox,129,115
2026-03-08,Chrome Mobile,114,113
2026-03-08,Microsoft Edge,110,101
2026-03-08,Opera,30,28
2026-03-08,Chrome Webview,29,28
2026-03-08,Mozilla,21,21
2026-03-08,Chrome iOS,20,14
2026-03-08,OkHttp,19,15
2026-03-08,Naver,10,10
2026-03-08,Firefox Mobile,9,7
2026-03-08,Samsung Internet,9,8
2026-03-08,WeChat,8,8
2026-03-08,QQ Browser,8,8
2026-03-08,Quark,7,7
2026-03-08,vivo Browser,6,6
2026-03-08,Daum,6,6
2026-03-08,Sogou Explorer,5,5
2026-03-08,OBS Studio,4,4
2026-03-08,UC Browser,4,4
2026-03-08,Google Search App,4,4
2026-03-08,Samsung Browser,4,3
2026-03-08,Chrome Mobile iOS,4,4
2026-03-08,MIUI Browser,4,4
2026-03-08,Facebook,3,3
2026-03-08,NewsArticle App,3,3
2026-03-08,Opera Mobile,3,3
2026-03-08,Headless Chrome,2,2
2026-03-08,Facebook Mobile,2,2
2026-03-08,Norton Private Browser,2,2
2026-03-08,Yandex Browser,2,2
2026-03-08,HeyTapBrowser,2,2
2026-03-08,Microsoft Start,1,1
2026-03-08,Mobile Silk,1,1
2026-03-08,LinkedIn,1,1
2026-03-08,aweme,1,1
2026-03-08,Android Mobile,1,1
2026-03-08,Avast Secure Browser,1,1
2026-03-08,Huawei Browser Mobile,1,1
2026-03-08,Opera GX,1,1
2026-03-09,Chrome,6707,6391
2026-03-09,,433,431
2026-03-09,Safari,241,214
2026-03-09,Mobile Safari,233,208
2026-03-09,Microsoft Edge,153,134
2026-03-09,Firefox,139,129
2026-03-09,Chrome Mobile,111,107
2026-03-09,Chrome iOS,56,45
2026-03-09,Chrome Webview,37,35
2026-03-09,Mozilla,35,35
2026-03-09,Opera,31,24
2026-03-09,Headless Chrome,22,21
2026-03-09,OkHttp,13,12
2026-03-09,WeChat,12,12
2026-03-09,Facebook,12,12
2026-03-09,Naver,8,8
2026-03-09,Microsoft Start,8,8
2026-03-09,Firefox Mobile,7,6
2026-03-09,Daum,6,6
2026-03-09,Chrome Mobile iOS,6,6
2026-03-09,Samsung Internet,6,6
2026-03-09,Google Search App,6,6
2026-03-09,QQ Browser,5,5
2026-03-09,Quark,5,5
2026-03-09,Facebook Mobile,4,4
2026-03-09,NewsArticle App,4,4
2026-03-09,Yandex Browser,3,3
2026-03-09,vivo Browser,3,3
2026-03-09,UC Browser,3,3
2026-03-09,Sogou Explorer,3,3
2026-03-09,Line,2,2
2026-03-09,OBS Studio,2,2
2026-03-09,CCleaner,2,2
2026-03-09,LinkedIn,2,2
2026-03-09,Whale Browser,2,1
2026-03-09,Samsung Browser,2,2
2026-03-09,Opera Mobile,2,2
2026-03-09,MIUI Browser,1,1
2026-03-09,aweme,1,1
2026-03-09,Android Mobile,1,1
2026-03-09,Firefox iOS,1,1
2026-03-09,Norton Private Browser,1,1
2026-03-09,Lenovo Browser,1,1
2026-03-09,Huawei Browser,1,1
2026-03-09,HeyTapBrowser,1,1
2026-03-09,Ecosia,1,1
2026-03-10,Chrome,6304,6011
2026-03-10,,508,501
2026-03-10,Safari,289,249
2026-03-10,Mobile Safari,263,248
2026-03-10,Microsoft Edge,185,164
2026-03-10,Firefox,135,124
2026-03-10,Chrome Mobile,114,107
2026-03-10,Naver,48,48
2026-03-10,Opera,48,42
2026-03-10,Mozilla,48,48
2026-03-10,Chrome Webview,41,41
2026-03-10,WeChat,36,36
2026-03-10,Facebook,29,29
2026-03-10,Chrome iOS,27,24
2026-03-10,Microsoft Start,24,24
2026-03-10,Daum,21,21
2026-03-10,Headless Chrome,21,21
2026-03-10,OkHttp,18,15
2026-03-10,Firefox Mobile,12,10
2026-03-10,LinkedIn,10,10
2026-03-10,QQ Browser,8,8
2026-03-10,Quark,8,8
2026-03-10,Chrome Mobile iOS,7,7
2026-03-10,UC Browser,7,6
2026-03-10,Samsung Internet,7,7
2026-03-10,Avast Secure Browser,6,5
2026-03-10,Google Search App,5,5
2026-03-10,Yandex Browser,4,3
2026-03-10,NewsArticle App,4,4
2026-03-10,Whale Browser,4,2
2026-03-10,OBS Studio,2,2
2026-03-10,Sogou Explorer,2,2
2026-03-10,Huawei Browser Mobile,2,2
2026-03-10,Facebook Mobile,2,1
2026-03-10,HeyTapBrowser,1,1
2026-03-10,Samsung Browser,1,1
2026-03-10,MIUI Browser,1,1
2026-03-10,Norton Private Browser,1,1
2026-03-10,Microsoft Bing,1,1
2026-03-10,Baidu Box App,1,1
2026-03-10,Opera Mobile,1,1
2026-03-11,Chrome,7198,6853
2026-03-11,,450,444
2026-03-11,Mobile Safari,286,264
2026-03-11,Safari,285,251
2026-03-11,Microsoft Edge,164,142
2026-03-11,Firefox,130,120
2026-03-11,Chrome Mobile,107,106
2026-03-11,Mozilla,70,70
2026-03-11,Chrome Webview,42,41
2026-03-11,Opera,41,36
2026-03-11,Naver,36,36
2026-03-11,WeChat,34,34
2026-03-11,Facebook,33,33
2026-03-11,OkHttp,23,21
2026-03-11,Daum,19,19
2026-03-11,Microsoft Start,17,17
2026-03-11,Chrome iOS,17,16
2026-03-11,Samsung Internet,10,10
2026-03-11,Firefox Mobile,9,7
2026-03-11,NewsArticle App,6,6
2026-03-11,Sogou Explorer,6,6
2026-03-11,Chrome Mobile iOS,5,5
2026-03-11,QQ Browser,4,4
2026-03-11,UC Browser,4,4
2026-03-11,Brave,4,3
2026-03-11,Samsung Browser,3,3
2026-03-11,LinkedIn,3,3
2026-03-11,Headless Chrome,3,3
2026-03-11,Quark,3,3
2026-03-11,Google Search App,3,3
2026-03-11,Opera Touch,2,2
2026-03-11,HeyTapBrowser,2,2
2026-03-11,Huawei Browser Mobile,2,2
2026-03-11,Visual Studio Code,2,2
2026-03-11,OBS Studio,2,2
2026-03-11,Norton Private Browser,1,1
2026-03-11,Firefox Mobile iOS,1,1
2026-03-11,Lenovo Browser,1,1
2026-03-11,Threads,1,1
2026-03-11,vivo Browser,1,1
2026-03-11,Opera Mobile,1,1
2026-03-11,Oculus Browser,1,1
2026-03-11,Yandex Browser,1,1
2026-03-11,Android Mobile,1,1
2026-03-11,Facebook Mobile,1,1
2026-03-12,Chrome,7044,6673
2026-03-12,,631,619
2026-03-12,Mobile Safari,266,238
2026-03-12,Safari,250,226
2026-03-12,Microsoft Edge,187,175
2026-03-12,Firefox,136,124
2026-03-12,Chrome Mobile,134,128
2026-03-12,Mozilla,43,43
2026-03-12,Chrome Webview,43,42
2026-03-12,WeChat,40,40
2026-03-12,Facebook,35,35
2026-03-12,Opera,34,30
2026-03-12,Naver,32,32
2026-03-12,Chrome iOS,32,26
2026-03-12,OkHttp,25,17
2026-03-12,Microsoft Start,24,24
2026-03-12,Daum,18,18
2026-03-12,Headless Chrome,9,9
2026-03-12,Facebook Mobile,6,6
2026-03-12,Chrome Mobile iOS,6,6
2026-03-12,UC Browser,6,6
2026-03-12,Huawei Browser Mobile,6,6
2026-03-12,Google Search App,4,4
2026-03-12,Opera Mobile,4,4
2026-03-12,QQ Browser,4,4
2026-03-12,Quark,4,4
2026-03-12,Samsung Internet,4,4
2026-03-12,LinkedIn,3,3
2026-03-12,Samsung Browser,2,2
2026-03-12,NewsArticle App,2,2
2026-03-12,vivo Browser,2,2
2026-03-12,Sogou Explorer,1,1
2026-03-12,Android Mobile,1,1
2026-03-12,aweme,1,1
2026-03-12,Norton Private Browser,1,1
2026-03-12,Yandex Browser,1,1
2026-03-12,Pinterest,1,1
2026-03-12,Lenovo Browser,1,1
2026-03-12,doubao,1,1
2026-03-12,JioSphere,1,1
2026-03-12,OBS Studio,1,1
2026-03-12,MIUI Browser,1,1
2026-03-12,Firefox Mobile,1,1
2026-03-12,Phoenix Browser,1,1
2026-03-13,Chrome,6212,5946
2026-03-13,,455,444
2026-03-13,Mobile Safari,289,248
2026-03-13,Safari,204,182
2026-03-13,Microsoft Edge,165,155
2026-03-13,Firefox,127,120
2026-03-13,Chrome Mobile,119,108
2026-03-13,Mozilla,50,50
2026-03-13,Chrome Webview,46,44
2026-03-13,Facebook,38,38
2026-03-13,WeChat,34,34
2026-03-13,Naver,34,34
2026-03-13,OkHttp,30,24
2026-03-13,Opera,30,25
2026-03-13,Microsoft Start,23,23
2026-03-13,Chrome iOS,21,16
2026-03-13,Daum,19,19
2026-03-13,Firefox Mobile,9,8
2026-03-13,Samsung Internet,7,7
2026-03-13,Opera Mobile,6,6
2026-03-13,Facebook Mobile,5,5
2026-03-13,QQ Browser,5,5
2026-03-13,Headless Chrome,4,4
2026-03-13,Huawei Browser Mobile,4,4
2026-03-13,Yandex Browser,3,2
2026-03-13,Quark,3,3
2026-03-13,Chrome Mobile iOS,3,3
2026-03-13,vivo Browser,3,3
2026-03-13,AVG Secure Browser,2,1
2026-03-13,UC Browser,2,2
2026-03-13,HeyTapBrowser,2,2
2026-03-13,NewsArticle App,2,2
2026-03-13,JioSphere,2,2
2026-03-13,LinkedIn,2,2
2026-03-13,Google Search App,1,1
2026-03-13,Brave,1,1
2026-03-13,Avast Secure Browser,1,1
2026-03-13,MIUI Browser,1,1
2026-03-13,OBS Studio,1,1
2026-03-13,Baidu Box App,1,1
2026-03-13,Android Browser,1,1
2026-03-14,Chrome,5312,5186
2026-03-14,,243,241
2026-03-14,Mobile Safari,236,211
2026-03-14,Safari,148,141
2026-03-14,Firefox,108,107
2026-03-14,Microsoft Edge,101,96
2026-03-14,Chrome Mobile,100,99
2026-03-14,Mozilla,85,85
2026-03-14,WeChat,58,58
2026-03-14,Chrome Webview,52,51
2026-03-14,Facebook,51,51
2026-03-14,Naver,36,36
2026-03-14,Daum,35,35
2026-03-14,Opera,30,28
2026-03-14,Headless Chrome,29,29
2026-03-14,Microsoft Start,24,24
2026-03-14,OkHttp,22,19
2026-03-14,Chrome iOS,18,14
2026-03-14,Samsung Internet,14,14
2026-03-14,UC Browser,10,9
2026-03-14,Firefox Mobile,9,9
2026-03-14,Chrome Mobile iOS,7,7
2026-03-14,QQ Browser,6,6
2026-03-14,Sogou Explorer,5,4
2026-03-14,Quark,4,4
2026-03-14,Opera Mobile,3,3
2026-03-14,Brave,3,2
2026-03-14,Firefox iOS,3,2
2026-03-14,Norton Private Browser,3,3
2026-03-14,HeyTapBrowser,2,2
2026-03-14,Android Mobile,2,2
2026-03-14,NewsArticle App,2,2
2026-03-14,Facebook Mobile,2,2
2026-03-14,Huawei Browser Mobile,1,1
2026-03-14,Google Search App,1,1
2026-03-14,Meizu Browser,1,1
2026-03-14,MIUI Browser,1,1
2026-03-14,LinkedIn,1,1
2026-03-14,Avast Secure Browser,1,1
2026-03-14,Whale Browser,1,1
2026-03-15,Chrome,5023,4908
2026-03-15,,222,217
2026-03-15,Mobile Safari,201,185
2026-03-15,Chrome Mobile,148,140
2026-03-15,Safari,128,117
2026-03-15,Microsoft Edge,104,99
2026-03-15,Firefox,100,95
2026-03-15,WeChat,53,53
2026-03-15,Mozilla,49,49
2026-03-15,Naver,48,48
2026-03-15,Facebook,42,42
2026-03-15,Chrome iOS,41,33
2026-03-15,Chrome Webview,38,37
2026-03-15,Opera,31,26
2026-03-15,Daum,29,29
2026-03-15,Microsoft Start,27,27
2026-03-15,OkHttp,16,15
2026-03-15,Samsung Internet,13,13
2026-03-15,QQ Browser,11,11
2026-03-15,UC Browser,10,9
2026-03-15,Quark,8,8
2026-03-15,Firefox Mobile,7,7
2026-03-15,vivo Browser,6,6
2026-03-15,NewsArticle App,5,5
2026-03-15,OBS Studio,4,3
2026-03-15,LinkedIn,3,3
2026-03-15,Norton Private Browser,3,3
2026-03-15,curl,3,3
2026-03-15,Yandex Browser,3,3
2026-03-15,Samsung Browser,2,2
2026-03-15,Chrome Mobile iOS,2,2
2026-03-15,Huawei Browser Mobile,2,2
2026-03-15,Konqueror,2,1
2026-03-15,Facebook Mobile,2,2
2026-03-15,Headless Chrome,2,2
2026-03-15,AVG Secure Browser,1,1
2026-03-15,HeyTapBrowser,1,1
2026-03-15,Baidu Box App,1,1
2026-03-15,Zalo,1,1
2026-03-15,aweme,1,1
2026-03-15,Firefox Mobile iOS,1,1
2026-03-15,Visual Studio Code,1,1
2026-03-15,Avast Secure Browser,1,1
2026-03-15,Opera GX,1,1
2026-03-16,Chrome,9034,8732
2026-03-16,,350,346
2026-03-16,Safari,246,218
2026-03-16,Mobile Safari,246,232
2026-03-16,Microsoft Edge,178,159
2026-03-16,Chrome Mobile,135,133
2026-03-16,Firefox,134,123
2026-03-16,Chrome Webview,57,57
2026-03-16,Mozilla,53,53
2026-03-16,Naver,36,36
2026-03-16,WeChat,30,30
2026-03-16,Chrome iOS,30,19
2026-03-16,Headless Chrome,28,28
2026-03-16,Facebook,26,26
2026-03-16,Opera,26,24
2026-03-16,Microsoft Start,19,19
2026-03-16,Daum,18,18
2026-03-16,Yandex Browser,18,16
2026-03-16,OkHttp,15,15
2026-03-16,Samsung Internet,8,7
2026-03-16,UC Browser,8,8
2026-03-16,NewsArticle App,6,6
2026-03-16,Opera Mobile,6,6
2026-03-16,Firefox Mobile,6,6
2026-03-16,Google Search App,5,5
2026-03-16,Quark,4,3
2026-03-16,QQ Browser,4,4
2026-03-16,AVG Secure Browser,3,3
2026-03-16,Chrome Mobile iOS,3,3
2026-03-16,Facebook Mobile,2,2
2026-03-16,Firefox iOS,2,2
2026-03-16,Avast Secure Browser,2,2
2026-03-16,OBS Studio,2,2
2026-03-16,Pinterest,1,1
2026-03-16,LinkedIn,1,1
2026-03-16,Line,1,1
2026-03-16,Android Browser,1,1
2026-03-16,Samsung Browser,1,1
2026-03-16,Firefox Mobile iOS,1,1
2026-03-16,Huawei Browser Mobile,1,1
2026-03-16,Smart Lenovo Browser,1,1
2026-03-16,Aloha Browser,1,1
2026-03-16,vivo Browser,1,1
2026-03-16,aweme,1,1
2026-03-17,Chrome,50147,49885
2026-03-17,,336,327
2026-03-17,Mobile Safari,241,216
2026-03-17,Safari,221,208
2026-03-17,Firefox,198,179
2026-03-17,Microsoft Edge,178,164
2026-03-17,Chrome Mobile,136,131
2026-03-17,Mozilla,56,56
2026-03-17,WeChat,48,48
2026-03-17,Chrome Webview,36,36
2026-03-17,Opera,35,31
2026-03-17,Naver,34,34
2026-03-17,Daum,28,28
2026-03-17,Chrome iOS,25,19
2026-03-17,Microsoft Start,21,21
2026-03-17,OkHttp,14,13
2026-03-17,Facebook,11,11
2026-03-17,Chrome Mobile iOS,9,9
2026-03-17,UC Browser,7,6
2026-03-17,Firefox Mobile,7,6
2026-03-17,Samsung Internet,7,7
2026-03-17,Yandex Browser,5,5
2026-03-17,Headless Chrome,5,5
2026-03-17,Firefox iOS,4,2
2026-03-17,Opera Mobile,4,4
2026-03-17,Google Search App,3,3
2026-03-17,Quark,3,3
2026-03-17,Avast Secure Browser,3,3
2026-03-17,QQ Browser,3,3
2026-03-17,MIUI Browser,2,2
2026-03-17,NewsArticle App,2,2
2026-03-17,Smart Lenovo Browser,2,2
2026-03-17,Brave,2,2
2026-03-17,Whale Browser,2,2
2026-03-17,LinkedIn,2,2
2026-03-17,Android Browser,2,2
2026-03-17,Spotify,1,1
2026-03-17,Openwave Mobile Browser,1,1
2026-03-17,Pinterest,1,1
2026-03-17,Aloha Browser,1,1
2026-03-17,Phoenix Browser,1,1
2026-03-17,Snapchat,1,1
2026-03-17,Norton Private Browser,1,1
2026-03-17,Mobile Silk,1,1
2026-03-17,Samsung Browser,1,1
2026-03-17,Android Mobile,1,1
2026-03-17,OBS Studio,1,1
2026-03-17,Ecosia,1,1
2026-03-17,vivo Browser,1,1
2026-03-18,Chrome,73578,73288
2026-03-18,Mobile Safari,284,261
2026-03-18,Safari,265,228
2026-03-18,,249,248
2026-03-18,Microsoft Edge,175,156
2026-03-18,Firefox,137,131
2026-03-18,Chrome Mobile,124,116
2026-03-18,Mozilla,47,47
2026-03-18,Opera,44,37
2026-03-18,WeChat,40,40
2026-03-18,Chrome iOS,30,26
2026-03-18,Chrome Webview,29,28
2026-03-18,Microsoft Start,24,24
2026-03-18,Snapchat,23,23
2026-03-18,Daum,17,17
2026-03-18,Headless Chrome,15,15
2026-03-18,Facebook,12,12
2026-03-18,OkHttp,11,11
2026-03-18,QQ Browser,9,9
2026-03-18,Chrome Mobile iOS,6,6
2026-03-18,Firefox Mobile,6,6
2026-03-18,Android Browser,6,5
2026-03-18,Samsung Internet,5,5
2026-03-18,Opera Mobile,5,5
2026-03-18,Huawei Browser Mobile,4,4
2026-03-18,Avast Secure Browser,3,3
2026-03-18,Brave,3,2
2026-03-18,Naver,3,3
2026-03-18,Samsung Browser,2,2
2026-03-18,Firefox iOS,1,1
2026-03-18,NewsArticle App,1,1
2026-03-18,Quark,1,1
2026-03-18,Aloha Browser,1,1
2026-03-18,Baidu Box App,1,1
2026-03-18,UC Browser,1,1
2026-03-18,Facebook Mobile,1,1
2026-03-18,Yandex Browser,1,1
2026-03-18,OBS Studio,1,1
2026-03-18,aweme,1,1
2026-03-19,Chrome,25676,25382
2026-03-19,,304,304
2026-03-19,Mobile Safari,279,241
2026-03-19,Safari,239,211
2026-03-19,Microsoft Edge,197,176
2026-03-19,Firefox,191,168
2026-03-19,Chrome Mobile,140,137
2026-03-19,Headless Chrome,67,66
2026-03-19,Mozilla,59,59
2026-03-19,Chrome Webview,47,46
2026-03-19,Snapchat,37,37
2026-03-19,Daum,35,35
2026-03-19,Facebook,35,35
2026-03-19,WeChat,34,34
2026-03-19,Chrome iOS,33,28
2026-03-19,Microsoft Start,26,26
2026-03-19,Opera,24,23
2026-03-19,Android Browser,16,12
2026-03-19,Firefox Mobile,9,8
2026-03-19,Chrome Mobile iOS,7,7
2026-03-19,Samsung Internet,7,7
2026-03-19,UC Browser,6,5
2026-03-19,Google Search App,5,5
2026-03-19,Quark,5,5
2026-03-19,QQ Browser,5,5
2026-03-19,Opera Mobile,4,4
2026-03-19,Brave,3,3
2026-03-19,Norton Private Browser,3,3
2026-03-19,Naver,3,3
2026-03-19,Huawei Browser Mobile,3,3
2026-03-19,LinkedIn,3,3
2026-03-19,Zalo,2,1
2026-03-19,OkHttp,2,2
2026-03-19,Samsung Browser,2,2
2026-03-19,vivo Browser,2,2
2026-03-19,Lenovo Browser,1,1
2026-03-19,Android Mobile,1,1
2026-03-19,Facebook Mobile,1,1
2026-03-19,NewsArticle App,1,1
2026-03-19,Smart Lenovo Browser,1,1
2026-03-19,HeyTapBrowser,1,1
2026-03-19,Sogou Explorer,1,1
2026-03-20,Chrome,10378,10162
2026-03-20,,355,348
2026-03-20,Mobile Safari,279,252
2026-03-20,Safari,198,174
2026-03-20,Chrome Mobile,153,148
2026-03-20,Microsoft Edge,149,129
2026-03-20,Firefox,136,130
2026-03-20,Mozilla,55,55
2026-03-20,Chrome Webview,43,42
2026-03-20,WeChat,42,42
2026-03-20,Opera,39,35
2026-03-20,Snapchat,34,34
2026-03-20,Daum,28,28
2026-03-20,Facebook,23,23
2026-03-20,Microsoft Start,21,21
2026-03-20,Chrome iOS,18,15
2026-03-20,Android Browser,16,14
2026-03-20,Headless Chrome,15,15
2026-03-20,Samsung Internet,13,13
2026-03-20,Firefox Mobile,12,8
2026-03-20,QQ Browser,8,8
2026-03-20,Huawei Browser Mobile,7,7
2026-03-20,Chrome Mobile iOS,6,6
2026-03-20,NewsArticle App,6,6
2026-03-20,OkHttp,5,5
2026-03-20,Brave,3,2
2026-03-20,UC Browser,3,3
2026-03-20,Samsung Browser,3,2
2026-03-20,Google Search App,3,3
2026-03-20,Quark,2,2
2026-03-20,Smart Lenovo Browser,2,1
2026-03-20,Avast Secure Browser,2,2
2026-03-20,HeyTapBrowser,2,2
2026-03-20,Firefox iOS,2,2
2026-03-20,Naver,2,2
2026-03-20,Norton Private Browser,2,1
2026-03-20,vivo Browser,2,2
2026-03-20,Facebook Mobile,1,1
2026-03-20,QtWebEngine,1,1
2026-03-20,MIUI Browser,1,1
2026-03-20,Opera Mobile,1,1
2026-03-20,OBS Studio,1,1
2026-03-20,AVG Secure Browser,1,1
2026-03-20,Spotify,1,1
2026-03-21,Chrome,5285,5166
2026-03-21,,308,301
2026-03-21,Mobile Safari,268,245
2026-03-21,Safari,163,152
2026-03-21,Chrome Mobile,141,138
2026-03-21,Firefox,116,105
2026-03-21,Microsoft Edge,108,99
2026-03-21,Mozilla,41,41
2026-03-21,WeChat,41,41
2026-03-21,Facebook,36,36
2026-03-21,Daum,33,33
2026-03-21,Snapchat,33,33
2026-03-21,Opera,32,28
2026-03-21,Microsoft Start,30,30
2026-03-21,Chrome Webview,24,24
2026-03-21,Android Browser,18,17
2026-03-21,Chrome iOS,17,8
2026-03-21,Samsung Internet,12,10
2026-03-21,Internet Explorer,11,11
2026-03-21,QQ Browser,8,8
2026-03-21,Huawei Browser Mobile,7,7
2026-03-21,Naver,6,6
2026-03-21,Firefox Mobile,5,4
2026-03-21,Opera Mobile,4,4
2026-03-21,Samsung Browser,4,4
2026-03-21,Chrome Mobile iOS,3,3
2026-03-21,vivo Browser,3,3
2026-03-21,UC Browser,2,2
2026-03-21,Quark,2,2
2026-03-21,OkHttp,2,2
2026-03-21,Sogou Explorer,2,2
2026-03-21,Facebook Mobile,2,2
2026-03-21,LinkedIn,1,1
2026-03-21,Brave,1,1
2026-03-21,AVG Secure Browser,1,1
2026-03-21,MIUI Browser,1,1
2026-03-21,Android Mobile,1,1
2026-03-21,Headless Chrome,1,1
2026-03-21,aweme,1,1
2026-03-21,OBS Studio,1,1
2026-03-21,NewsArticle App,1,1
2026-03-21,Google Search App,1,1
2026-03-21,Opera GX,1,1
2026-03-22,Chrome,4710,4586
2026-03-22,,338,332
2026-03-22,Mobile Safari,232,222
2026-03-22,Chrome Mobile,172,157
2026-03-22,Firefox,168,155
2026-03-22,Safari,143,138
2026-03-22,Microsoft Edge,112,97
2026-03-22,Opera,48,44
2026-03-22,Mozilla,40,40
2026-03-22,WeChat,38,38
2026-03-22,Snapchat,33,33
2026-03-22,Chrome Webview,31,31
2026-03-22,Daum,24,24
2026-03-22,Microsoft Start,24,24
2026-03-22,Android Browser,19,15
2026-03-22,Chrome iOS,18,16
2026-03-22,Facebook,18,18
2026-03-22,Samsung Internet,12,10
2026-03-22,NewsArticle App,10,10
2026-03-22,QQ Browser,7,7
2026-03-22,Chrome Mobile iOS,6,6
2026-03-22,Firefox Mobile,5,5
2026-03-22,Huawei Browser Mobile,4,4
2026-03-22,Opera Mobile,4,4
2026-03-22,Google Search App,4,4
2026-03-22,OBS Studio,3,2
2026-03-22,vivo Browser,2,2
2026-03-22,LinkedIn,2,2
2026-03-22,Android Mobile,2,2
2026-03-22,AVG Secure Browser,2,2
2026-03-22,Sogou Explorer,2,2
2026-03-22,Naver,2,2
2026-03-22,Samsung Browser,1,1
2026-03-22,Avast Secure Browser,1,1
2026-03-22,Facebook Mobile,1,1
2026-03-22,Opera GX,1,1
2026-03-22,Opera Touch,1,1
2026-03-22,MIUI Browser,1,1
2026-03-22,UC Browser,1,1
2026-03-23,Chrome,4843,4582
2026-03-23,,449,446
2026-03-23,Mobile Safari,304,274
2026-03-23,Safari,260,239
2026-03-23,Firefox,202,180
2026-03-23,Microsoft Edge,164,149
2026-03-23,Chrome Mobile,157,151
2026-03-23,Opera,46,41
2026-03-23,Mozilla,44,44
2026-03-23,Chrome iOS,28,25
2026-03-23,Chrome Webview,24,23
2026-03-23,WeChat,22,22
2026-03-23,Snapchat,19,19
2026-03-23,Microsoft Start,19,19
2026-03-23,Facebook,18,18
2026-03-23,Daum,14,14
2026-03-23,Firefox Mobile,13,13
2026-03-23,Android Browser,9,8
2026-03-23,Chrome Mobile iOS,9,9
2026-03-23,LinkedIn,8,8
2026-03-23,OkHttp,7,6
2026-03-23,Samsung Internet,6,6
2026-03-23,OBS Studio,4,3
2026-03-23,Headless Chrome,3,3
2026-03-23,Naver,3,3
2026-03-23,AVG Secure Browser,3,1
2026-03-23,Smart Lenovo Browser,3,3
2026-03-23,QQ Browser,3,3
2026-03-23,Opera Mobile,2,2
2026-03-23,Google Search App,2,2
2026-03-23,Norton Private Browser,2,2
2026-03-23,Samsung Browser,2,2
2026-03-23,MIUI Browser,1,1
2026-03-23,Brave,1,1
2026-03-23,Android Mobile,1,1
2026-03-23,vivo Browser,1,1
2026-03-23,Sogou Explorer,1,1
2026-03-23,Hi Browser,1,1
2026-03-23,Firefox iOS,1,1
2026-03-23,Avast Secure Browser,1,1
2026-03-23,Huawei Browser Mobile,1,1
2026-03-24,Chrome,7652,7378
2026-03-24,,329,329
2026-03-24,Mobile Safari,276,245
2026-03-24,Safari,233,209
2026-03-24,Firefox,226,206
2026-03-24,Microsoft Edge,175,152
2026-03-24,Chrome Mobile,163,159
2026-03-24,Mozilla,47,47
2026-03-24,Snapchat,46,46
2026-03-24,Opera,42,35
2026-03-24,WeChat,39,39
2026-03-24,Chrome Webview,36,35
2026-03-24,Chrome iOS,32,31
2026-03-24,Facebook,31,31
2026-03-24,Daum,23,23
2026-03-24,Android Browser,18,14
2026-03-24,Microsoft Start,16,16
2026-03-24,NewsArticle App,14,14
2026-03-24,Chrome Mobile iOS,10,10
2026-03-24,Quark,7,7
2026-03-24,Firefox Mobile,7,7
2026-03-24,Samsung Internet,6,6
2026-03-24,Naver,5,5
2026-03-24,Google Search App,5,5
2026-03-24,LinkedIn,5,5
2026-03-24,UC Browser,4,4
2026-03-24,Samsung Browser,4,4
2026-03-24,OkHttp,4,3
2026-03-24,QQ Browser,3,3
2026-03-24,Aloha Browser,3,3
2026-03-24,Avast Secure Browser,3,3
2026-03-24,Android Mobile,2,2
2026-03-24,Firefox iOS,2,2
2026-03-24,vivo Browser,2,2
2026-03-24,Huawei Browser Mobile,2,2
2026-03-24,Sogou Explorer,2,2
2026-03-24,HeyTapBrowser,1,1
2026-03-24,Opera Mobile,1,1
2026-03-24,Norton Private Browser,1,1
2026-03-24,Headless Chrome,1,1
2026-03-24,OBS Studio,1,1
2026-03-24,Visual Studio Code,1,1
2026-03-24,Brave,1,1
2026-03-25,Chrome,26290,25975
2026-03-25,,395,395
2026-03-25,Mobile Safari,371,328
2026-03-25,Safari,250,216
2026-03-25,Microsoft Edge,193,174
2026-03-25,Firefox,171,153
2026-03-25,Chrome Mobile,146,144
2026-03-25,Mozilla,51,51
2026-03-25,WeChat,46,46
2026-03-25,Opera,41,37
2026-03-25,Daum,40,40
2026-03-25,Snapchat,38,38
2026-03-25,Microsoft Start,33,33
2026-03-25,Chrome Webview,32,32
2026-03-25,Facebook,30,30
2026-03-25,Chrome iOS,21,16
2026-03-25,Android Browser,21,18
2026-03-25,Headless Chrome,14,14
2026-03-25,Chrome Mobile iOS,12,10
2026-03-25,Samsung Internet,12,12
2026-03-25,LinkedIn,5,5
2026-03-25,Firefox Mobile,4,4
2026-03-25,OBS Studio,4,4
2026-03-25,NewsArticle App,4,4
2026-03-25,Norton Private Browser,4,1
2026-03-25,QQ Browser,3,3
2026-03-25,OkHttp,3,3
2026-03-25,Opera Mobile,3,3
2026-03-25,MIUI Browser,3,3
2026-03-25,Aloha Browser,2,2
2026-03-25,aweme,2,2
2026-03-25,Naver,2,2
2026-03-25,Facebook Mobile,1,1
2026-03-25,Quark,1,1
2026-03-25,Sogou Explorer,1,1
2026-03-25,Whale Browser,1,1
2026-03-25,Samsung Browser,1,1
2026-03-25,DingTalk,1,1
2026-03-25,Smart Lenovo Browser,1,1
2026-03-25,UC Browser,1,1
2026-03-25,Android Mobile,1,1
2026-03-25,HeyTapBrowser,1,1
2026-03-25,Google Search App,1,1
2026-03-25,vivo Browser,1,1
2026-03-26,Chrome,4903,4602
2026-03-26,,2665,2665
2026-03-26,Mobile Safari,386,356
2026-03-26,Safari,257,224
2026-03-26,Chrome Mobile,204,198
2026-03-26,Firefox,198,178
2026-03-26,Microsoft Edge,179,165
2026-03-26,Mozilla,63,63
2026-03-26,WeChat,53,53
2026-03-26,Opera,44,38
2026-03-26,Facebook,40,40
2026-03-26,Snapchat,38,38
2026-03-26,Chrome Webview,33,33
2026-03-26,Microsoft Start,33,33
2026-03-26,Daum,31,31
2026-03-26,Chrome iOS,23,21
2026-03-26,Firefox Mobile,12,11
2026-03-26,Android Browser,12,11
2026-03-26,Samsung Internet,11,9
2026-03-26,Headless Chrome,9,9
2026-03-26,LinkedIn,7,7
2026-03-26,Naver,6,6
2026-03-26,Chrome Mobile iOS,6,6
2026-03-26,OkHttp,6,5
2026-03-26,Sogou Explorer,6,6
2026-03-26,Quark,5,5
2026-03-26,QQ Browser,5,5
2026-03-26,Facebook Mobile,4,2
2026-03-26,Google Search App,3,3
2026-03-26,Opera Mobile,3,3
2026-03-26,MIUI Browser,3,2
2026-03-26,Instagram,2,2
2026-03-26,UC Browser,2,2
2026-03-26,vivo Browser,2,2
2026-03-26,Smart Lenovo Browser,1,1
2026-03-26,OBS Studio,1,1
2026-03-26,HeyTapBrowser,1,1
2026-03-26,Android Mobile,1,1
2026-03-26,aweme,1,1
2026-03-26,Samsung Browser,1,1
2026-03-26,NewsArticle App,1,1
2026-03-26,Firefox Mobile iOS,1,1
2026-03-26,Yandex Browser,1,1
2026-03-26,Ecosia,1,1
2026-03-26,Line,1,1
2026-03-27,Chrome,4284,4023
2026-03-27,,2589,2588
2026-03-27,Mobile Safari,308,277
2026-03-27,Safari,238,201
2026-03-27,Firefox,183,160
2026-03-27,Microsoft Edge,155,139
2026-03-27,Chrome Mobile,139,131
2026-03-27,Mozilla,75,75
2026-03-27,Snapchat,45,45
2026-03-27,WeChat,40,40
2026-03-27,Facebook,38,38
2026-03-27,Chrome iOS,37,33
2026-03-27,Daum,34,34
2026-03-27,Opera,32,28
2026-03-27,Microsoft Start,31,31
2026-03-27,Chrome Webview,24,24
2026-03-27,Samsung Internet,13,11
2026-03-27,Android Browser,12,10
2026-03-27,Headless Chrome,11,11
2026-03-27,QQ Browser,9,9
2026-03-27,Chrome Mobile iOS,7,7
2026-03-27,Huawei Browser Mobile,7,6
2026-03-27,LinkedIn,6,6
2026-03-27,Naver,5,5
2026-03-27,Samsung Browser,5,5
2026-03-27,MIUI Browser,4,4
2026-03-27,Sogou Explorer,4,4
2026-03-27,NewsArticle App,4,4
2026-03-27,Google Search App,4,4
2026-03-27,UC Browser,3,2
2026-03-27,Whale Browser,3,3
2026-03-27,OkHttp,3,3
2026-03-27,Firefox Mobile,3,3
2026-03-27,Smart Lenovo Browser,2,2
2026-03-27,Opera Mobile,2,2
2026-03-27,Quark,2,2
2026-03-27,Firefox iOS,2,2
2026-03-27,Opera GX,1,1
2026-03-27,vivo Browser,1,1
2026-03-27,Avast Secure Browser,1,1
2026-03-27,Brave,1,1
2026-03-27,DingTalk,1,1
2026-03-28,Chrome,3339,3227
2026-03-28,,737,737
2026-03-28,Mobile Safari,313,288
2026-03-28,Firefox,167,163
2026-03-28,Microsoft Edge,152,142
2026-03-28,Chrome Mobile,143,131
2026-03-28,Safari,137,124
2026-03-28,Mozilla,64,64
2026-03-28,WeChat,43,43
2026-03-28,Snapchat,34,34
2026-03-28,Facebook,34,34
2026-03-28,Opera,30,28
2026-03-28,Microsoft Start,26,26
2026-03-28,Daum,21,21
2026-03-28,Chrome Webview,18,18
2026-03-28,Chrome iOS,16,15
2026-03-28,Line,11,9
2026-03-28,Firefox Mobile,11,11
2026-03-28,NewsArticle App,9,9
2026-03-28,QQ Browser,8,8
2026-03-28,Samsung Internet,8,7
2026-03-28,Android Browser,7,5
2026-03-28,Chrome Mobile iOS,6,6
2026-03-28,Firefox iOS,5,4
2026-03-28,Quark,4,4
2026-03-28,Huawei Browser Mobile,4,4
2026-03-28,Naver,3,3
2026-03-28,Opera Mobile,3,3
2026-03-28,MIUI Browser,3,3
2026-03-28,Google Search App,2,2
2026-03-28,OkHttp,2,2
2026-03-28,Samsung Browser,2,2
2026-03-28,UC Browser,2,2
2026-03-28,Sogou Explorer,2,2
2026-03-28,LinkedIn,2,2
2026-03-28,Facebook Mobile,2,2
2026-03-28,DingTalk,1,1
2026-03-28,Instagram,1,1
2026-03-28,vivo Browser,1,1
2026-03-28,Huawei Browser,1,1
2026-03-28,Brave,1,1
2026-03-28,OBS Studio,1,1
2026-03-29,Chrome,4760,4655
2026-03-29,,373,373
2026-03-29,Mobile Safari,278,262
2026-03-29,Microsoft Edge,187,169
2026-03-29,Firefox,164,149
2026-03-29,Chrome Mobile,161,159
2026-03-29,Safari,121,110
2026-03-29,Mozilla,41,41
2026-03-29,Opera,37,35
2026-03-29,Chrome iOS,19,18
2026-03-29,Android Browser,12,12
2026-03-29,Samsung Internet,10,9
2026-03-29,Microsoft Start,9,9
2026-03-29,WeChat,9,9
2026-03-29,Chrome Webview,9,9
2026-03-29,Snapchat,8,8
2026-03-29,Daum,7,7
2026-03-29,Facebook,7,7
2026-03-29,Firefox Mobile,7,7
2026-03-29,Chrome Mobile iOS,6,6
2026-03-29,vivo Browser,5,5
2026-03-29,LinkedIn,4,4
2026-03-29,Huawei Browser Mobile,4,4
2026-03-29,OBS Studio,3,3
2026-03-29,QQ Browser,3,3
2026-03-29,Quark,2,2
2026-03-29,UC Browser,2,2
2026-03-29,QtWebEngine,2,2
2026-03-29,Sogou Explorer,2,2
2026-03-29,Internet Explorer,2,2
2026-03-29,MIUI Browser,2,2
2026-03-29,NewsArticle App,2,2
2026-03-29,Opera Mobile,2,2
2026-03-29,Firefox iOS,2,2
2026-03-29,Samsung Browser,1,1
2026-03-29,HeyTapBrowser,1,1
2026-03-29,Hi Browser,1,1
2026-03-29,Aloha Browser,1,1
2026-03-29,Baidu Box App,1,1
2026-03-29,Thunder,1,1
2026-03-29,Facebook Mobile,1,1
2026-03-29,Headless Chrome,1,1
2026-03-29,Norton Private Browser,1,1
2026-03-30,Chrome,7957,7728
2026-03-30,,371,370
2026-03-30,Mobile Safari,321,288
2026-03-30,Safari,274,253
2026-03-30,Microsoft Edge,226,198
2026-03-30,Firefox,198,185
2026-03-30,Chrome Mobile,155,145
2026-03-30,Opera,40,35
2026-03-30,Mozilla,33,33
2026-03-30,Chrome iOS,19,18
2026-03-30,Android Browser,18,12
2026-03-30,Samsung Internet,13,11
2026-03-30,WeChat,13,13
2026-03-30,Chrome Webview,13,13
2026-03-30,LinkedIn,12,12
2026-03-30,NewsArticle App,8,8
2026-03-30,Snapchat,8,8
2026-03-30,Opera Mobile,7,7
2026-03-30,QQ Browser,7,7
2026-03-30,Chrome Mobile iOS,6,6
2026-03-30,Huawei Browser Mobile,6,6
2026-03-30,Sogou Explorer,5,5
2026-03-30,Firefox Mobile,5,4
2026-03-30,Facebook,5,5
2026-03-30,Microsoft Start,4,4
2026-03-30,Brave,3,3
2026-03-30,Daum,3,3
2026-03-30,Samsung Browser,2,2
2026-03-30,Quark,2,2
2026-03-30,CCleaner,2,2
2026-03-30,Avast Secure Browser,2,2
2026-03-30,vivo Browser,2,2
2026-03-30,Facebook Mobile,2,2
2026-03-30,Line,1,1
2026-03-30,MIUI Browser,1,1
2026-03-30,JioSphere,1,1
2026-03-30,Norton Private Browser,1,1
2026-03-30,Google Search App,1,1
2026-03-30,Yandex Browser,1,1
2026-03-30,Hi Browser,1,1
2026-03-30,HeyTapBrowser,1,1
2026-03-30,RDDocuments,1,1
2026-03-30,Huawei Browser,1,1
2026-03-30,Headless Chrome,1,1
2026-03-30,OkHttp,1,1
2026-03-30,AVG Secure Browser,1,1
2026-03-30,Firefox iOS,1,1
2026-03-30,UC Browser,1,1
2026-03-30,Android Mobile,1,1
2026-03-30,OBS Studio,1,1
2026-03-31,Chrome,7075,6735
2026-03-31,,457,457
2026-03-31,Mobile Safari,410,369
2026-03-31,Safari,299,256
2026-03-31,Firefox,265,230
2026-03-31,Microsoft Edge,215,197
2026-03-31,Chrome Mobile,186,178
2026-03-31,Mozilla,65,65
2026-03-31,WeChat,58,58
2026-03-31,Snapchat,45,45
2026-03-31,Opera,43,37
2026-03-31,Chrome iOS,43,39
2026-03-31,Facebook,42,42
2026-03-31,Chrome Webview,28,28
2026-03-31,Microsoft Start,25,25
2026-03-31,Daum,24,24
2026-03-31,Samsung Internet,18,16
2026-03-31,Android Browser,14,11
2026-03-31,LinkedIn,13,13
2026-03-31,Naver,8,8
2026-03-31,Chrome Mobile iOS,8,8
2026-03-31,OkHttp,5,4
2026-03-31,Firefox iOS,5,3
2026-03-31,NewsArticle App,4,4
2026-03-31,Opera Mobile,4,4
2026-03-31,MIUI Browser,4,4
2026-03-31,QQ Browser,4,4
2026-03-31,Quark,3,3
2026-03-31,Headless Chrome,3,3
2026-03-31,Norton Private Browser,3,2
2026-03-31,UC Browser,2,2
2026-03-31,Huawei Browser Mobile,2,2
2026-03-31,Avast Secure Browser,2,2
2026-03-31,vivo Browser,2,2
2026-03-31,Sogou Explorer,2,2
2026-03-31,Huawei Browser,2,2
2026-03-31,OBS Studio,2,2
2026-03-31,Smart Lenovo Browser,1,1
2026-03-31,Opera GX,1,1
2026-03-31,Zalo,1,1
2026-03-31,CCleaner,1,1
2026-03-31,HeyTapBrowser,1,1
2026-03-31,Android Mobile,1,1
2026-03-31,Brave,1,1
2026-03-31,Samsung Browser,1,1
2026-03-31,Light,1,1
2026-03-31,Google Search App,1,1
2026-03-31,Firefox Mobile,1,1
